"N","Код","Найменування","Собіварт.","Націнка","Ціна","Ш/В/С","К-сть","Сума 1","Сума 2"
"1","4067700015549","Лікер Jagermeister  0.5л (6)","466.08","30.02","606.00","0","1.00","466.08","606.00"
"2","4820004160359","Бальзам ""Дністер"" 40% 0,5л","115.00","30.00","150.00","0","3.00","345.00","450.00"
"3","4820004160755","Бальзам ""Дністер"" 40% 0,2л","51.00","33.00","68.00","0","5.00","255.00","340.00"
"4","4820004921585","Вермут ""Маренго"" біле десертне 0.5л к.535","118.70","30.00","155.00","0","2.00","237.40","310.00"
"5","4820004925118","Вермут Маренго ""Мохито"" дес. біл. пл. 0,5 л 15%","118.00","27.00","150.00","0","1.00","118.00","150.00"
"6","4820029432240","Напій дес.алк н/г  Гаївка зі смаком горіха  0,5 л скло","96.16","30.00","125.00","0","2.00","192.32","250.00"
"7","4820050237265","Наст""Гетьман""Гербал 0,5л","145.38","27.00","185.00","0","2.00","290.76","370.00"
"8","4820050237630","Наст Гетьман Журавлина 38% 0,5","145.38","30.00","190.00","0","1.00","145.38","190.00"
"9","4820139280816","Бренді  витриманий  закарпатський 0.5 тиса","244.95","32.00","330.00","0","3.00","734.85","990.00"
"10","4820189295457","бренді азнаурі 4 0.25","98.00","30.00","127.00","0","4.00","392.00","508.00"
"11","4820197565993","Спиртний напій ароматизований «Вишневий (Cherry)» 0,5л ТМ Легка Рука","100.00","25.00","125.00","0","0.00","0.00","0.00"
"12","4820197566013","Спиртний напій ароматизований «Капучіно (Cappuccino)» 0,5л ТМ Легка Рука","100.00","25.00","125.00","0","0.00","0.00","0.00"
"13","4820197566143","Спиртний напій ароматизований «Медова Журавлина (Honey Cranberry)» 0,5л ТМ Легка Рука","100.00","25.00","125.00","0","0.00","0.00","0.00"
"14","4820210842001","KALGANOFF Настоянка ""КАЛГАНОВА З МЕДОМ НА КОНЬЯКУ"" 0,5 л","96.00","21.88","117.00","0","0.00","0.00","0.00"
"15","4820210842018","KALGANOFF Настоянка ""КАЛГАНОВА З МЕДОМ НА КОНЬЯКУ"" 0,25 л ТМ ""KALGANOFF""","49.68","20.77","60.00","0","1.00","49.68","60.00"
"16","4820210842162","KALGANOFF Настоянка ""КАЛГАНОВА З МЕДОМ НА КОНЬЯКУ"" 0,1 л","21.90","36.99","30.00","0","0.00","0.00","0.00"
"17","4820210842346","Настоянка ""Журавлина""CRANBERRY ТМ Львів княжий 0,5л","116.82","37.00","160.00","0","0.00","0.00","0.00"
"18","4820210842360","KALGANOFF Настоянка ""КАЛГАНОВА З МЕДОМ НА КОНЬЯКУ"" 0,7 л","133.20","28.38","171.00","0","0.00","0.00","0.00"
"19","4820210842445","KALGANOFF Настоянка ""КАЛГАНОВА З МЕДОМ ТА БРЕНДІ"" 0,25 л ТМ ""KALGANOFF""","46.92","25.00","60.00","0","0.00","0.00","0.00"
"20","4820210842469","Настоянка ""КАЛГАНОВА З МЕДОМ ТА БРЕНДІ"" ТМ ""Kalganoff"" 0,5","94.56","30.00","123.00","0","3.00","283.68","369.00"
"21","4820210842483","KALGANOFF Настоянка ""КАЛГАНОВА З МЕДОМ ТА БРЕНДІ"" 0,7 л ТМ ""KALGANOFF""","132.00","29.55","171.00","0","1.00","132.00","171.00"
"22","4820210842872","Настоянка ""З ВІСКІ"" 0,5 л ТМ ""KALGANOFF""","94.32","30.00","125.00","0","8.00","754.56","1,000.00"
"23","4820210842889","Настоянка ""З РОМОМ"" 0,5 л ТМ ""KALGANOFF""","102.48","21.98","125.00","0","2.00","204.96","250.00"
"24","4820210843770","Настоянка калганова з медом та бренді 0.1","22.86","35.00","31.00","0","0.00","0.00","0.00"
"25","4820210843794","4820210843718KALGANOFF Настоянка ""КАЛГАНОВА З МЕДОМ НА КОНЬЯКУ"" 0,35 л ТМ ""KALGANOFF""","73.14","30.00","96.00","0","0.00","0.00","0.00"
"26","4820224220185","Вермут""Марінталь Вишня""0,5 л","50.00","30.00","65.00","0","2.00","100.00","130.00"
"27","4820229032882","Наст""Медовуха гречана""0,2","42.02","33.00","58.00","0","2.00","84.04","116.00"
"28","4820229032899","Наст""Медовуха гречана""0,5","83.70","30.00","109.00","0","3.00","251.10","327.00"
"29","4820229036750","Наст""Первак Перц з медом""0,5","84.80","30.00","110.00","0","3.00","254.40","330.00"
"30","4820242570262","Бренді Асканелі 5*40% 0.5л у коробці","376.08","38.00","519.00","0","0.00","0.00","0.00"
"31","4820265870783","Настоянка ""Зе Хайленд Фокс"" 100мл","29.00","24.14","36.00","0","0.00","0.00","0.00"
"32","4820265871315","Бальзам ""Оригінальний"" Чисті Карпати 500мл","98.00","25.51","123.00","0","1.00","98.00","123.00"
"33","4820265871322","Бальзам ""Вишня"" Чисті Карпати 500мл","98.00","25.51","123.00","0","2.00","196.00","246.00"
"34","4823122201904","Настоянка ""Жан-Жак медовий"" 250мл","99.00","25.25","124.00","0","3.00","297.00","372.00"
"35","4860104150058","Бренді "" Шато Кахети"" 4зірки 40% 0,5л.","170.94","35.00","231.00","0","1.00","170.94","231.00"
"36","4860104150072","грузинський бренді ШАТО КАХЕТИ 5 0,5","179.34","33.00","240.00","0","2.00","358.68","480.00"
"37","4860104150164","Грузинський бренді ШАТО КАХЕТИ 3* 0,25","95.28","35.00","129.00","0","11.00","1,048.08","1,419.00"
"38","4860104150188","Грузинський бренді ШАТО КАХЕТИ 5* 0,25","96.66","33.00","129.00","0","4.00","386.64","516.00"
"39","486010450041","Грузинський бренді ШАТО КАХЕТИ 3 0,5","168.36","33.00","224.00","0","3.00","505.08","672.00"
"40","5010677922005","Вермут Мартіні Біанко 0.5 л","263.16","27.00","335.00","0","1.00","263.16","335.00"
"41","5010677925006","Вермут білий десертний MARTINI 1л. 15%об.","370.00","25.14","463.00","0","1.00","370.00","463.00"
"42","5011013100170","Лікер Байлейс 0,5 л.","597.28","27.00","760.00","0","1.00","597.28","760.00"
"43","5011013500703","Лікер""Sheridans""0.5","570.00","30.70","745.00","0","0.00","0.00","0.00"
"44","5900471015877","Лікер Соплиця ""Лимон і Малина"" 0.5л","130.00","25.38","163.00","0","0.00","0.00","0.00"
"45","5900471025623","Настойка""SOPLICA"" ліщина 0.5л 30%","130.00","25.38","163.00","0","0.00","0.00","0.00"
"46","5901064766039","Лікер""CANARI""КокосВершк0,35л","170.00","23.53","210.00","0","0.00","0.00","0.00"
"47","5901064766350","Лікер Канарі тірамісу 0,35л","158.50","27.00","223.00","0","2.00","317.00","446.00"
"48","8594405101049","ЛікНаст""Becherovka""0.7","360.00","31.94","475.00","0","1.00","360.00","475.00"

